,btc_return,gold_return,sp500_return,inflation_yoy
btc_return,1.0,-0.09553267543596367,0.34796372909636686,-0.24907147405778804
gold_return,-0.09553267543596367,1.0,0.09372066667854123,-0.13521514948071883
sp500_return,0.34796372909636686,0.09372066667854123,1.0,-0.16151889677794104
inflation_yoy,-0.24907147405778804,-0.13521514948071883,-0.16151889677794104,1.0
