Model,MAE,RMSE,MAPE_percent
Holt Exponential Smoothing,0.14215013067167445,0.19128066159963877,14.162436977582207
"ARIMA(1,1,1)",0.5075320590607227,0.556394819092205,38.19773972767204
